id,true_label,prediction,span,text
0,0,0,no one would be pay for her assisted living or even watch out for her,"I think about suicide all the time. I am sooooo broke, depressed, and now live in my car even though I work a full time job and do side gigs. I am my grandmothers sponsor therefore I‚Äôm financially responsible for her. It‚Äôs the only reason I‚Äôm alive. If I was gone, no one would be pay for her a"
1,1,1,I dont fit in anywhere,"I keep waking up with an immediate dread having to be here. Nothing brings me joy anymore and the things that seem promising quickly turn into bitter disappointment. I dont want to go through the motions anymore. My life isnt objectively bad, but subjectively Im miserable and severely depressed. Ive"
2,0,0,NONE,"I'm a 38(m), and I've been taking Cymbalta for a little over a year. About 2 months ago, I started feeling very depressed again for no reason, and having bouts of extreme anger. I informed my doc, and she doubled my dose to 60mg. Since then, my depression and anger have gotten much much worse. My li"
3,0,0,NONE,Hey! So I‚Äôve been having a depressive episode for a few weeks now and my biggest problem has been loss of motivation. I‚Äôd really like to finish simple chores such as laundry etc. in time for New Years but I just can‚Äôt. Does anyone have any tips/advice on how I can increase my motivation during
4,1,0,NONE,"AM TIRED OF BEEN DEPRESSED , AM SO FUCKING DONE WAKING UP EVERYDAY WITH PAIN IN THE CHEST , TIRED OF LOOKING AT MYSELF IN THE MIRROR , TIRED OF FEELING UNWORTHY AM JUST DONE , I WANNA END IT ALL"
5,0,0,NONE,I really am please. maybe next life I'll be a better person.
6,1,1,all of my friends hate me,"I've never really posted here, and i've only posted a few times to reddit in general but at this point I'm all out of options. My names Zedreamcast and well...I just need someone to listen and maybe tell me how to quiet the voices in my head that tell me that all of my friends hate me. To help me un"
7,0,0,NONE,"It's pretty scary. I think I'll be fine, things have been going well for a while. Anyone got any stories about hotlines they'd like to share? I remember I first called the Samaritans at 116 123 one night because I was feeling suicidal. A kind man named Terry answered the phone and began 'Hello, you'"
8,0,0,NONE,"Cannot get brain working in a.m./don't want to do anything, but I have to do work."
9,0,0,NONE,"I am a senior in high school and have been miserable for as long as I can remember. I never really got any joy out of anything. Therapy never helped and nothing I try to do works. I hate school, and I‚Äôm in an apprenticeship that my dad talked me into which I have never been into construction and n"
10,0,0,NONE,"Hi Reddit, I'm mostly a lurker but my depression is getting worse and worse to the extent that I'm worried for my own safety. I don't have healthcare through work and I can't afford healthcare out of pocket. What options do I have with regard to getting help? Thanks in advance."
11,0,0,NONE,So life is okay pretty good I guess wish we made more money but I‚Äôm happy. Or I‚Äôm not. Doesn‚Äôt matter I still feel the very VERY strong need to kill myself and it lasts for a while like a week or for a short term like a few hours. Sometimes I feel like I have to slit my wrists in a tub or put 
12,0,0,NONE,"2020 is kicking my ass so bad. I got laid off in November, and a pregnancy wouldnt allow me to work until now. I got the call that im going back to work starting Saturday, but whats the use? Unemployment didnt pay enough to make rent and bills, social assistance wont help me BECAUSE im recieving Une"
13,1,1,I have no one,This year has been complete hell for me I turned 22 I lost my girlfriend of 4 years she broke up with me by handing me the custom necklace I got her.. I fell thousands of dollars in debt from helping her with everything she needed from phones to car payments. I met my best friend fell completely in 
14,1,1,I feel so lonely,I don't want to write a long story to don't make it boring for you. Let's just say that I don't think that i'm worth living here. Im tired of my own life. First I'm so ugly and don't tell me that everyone is beautiful because i literally am ugly. A lot of people told me that straight to myself. I ca
15,0,1,"held me back so much, from everyone","I also feel incredibly sad because I didn't realize my depression held me back so much, from everyone and everything. Most of my friends can get on with their life and do all sorts of amazing things while I'm dying inside more or less every day, rotting away at home. Fuck depression, fuck every ment"
16,1,1,tired of being alone,"I‚Äôm not sure what‚Äôs wrong with me, I‚Äôm young and generally not the worst person on this planet. Everyone seems to hate me though, which leads to me hating myself even more. I‚Äôm tired of being alone. Granted, I have an awesome online boyfriend but it‚Äôs not the same. I want friends and I fee"
17,1,1,I don't really have anyone to talk with about this,Hei. I'm trying to start loving myself and stop harming my body. While I'm seeing a professional I would like to find someone who had similar experience maybe? How to start loving yourself? I have this huge problem where I hurt myself when someone hurts me emotionally to the point where I can't take
18,1,1,I want someone to talk to,"I'm kind of an introvert or whatever, I like having my alone time to just be. I have been in the service industry in one capacity or another my whole working life, so being around people is a thing I can do, be sociable or charming or whatever, but so frequently I start to feel shitty while I'm alon"
19,0,0,I wouldn't tell anyone,"I'm at the point where I'm fine with accidents that can happen, where it be I'm driving and a truck speeds and hits me, riding on train and exploding, walking on the sidewalk and hoping a car would hit me or I get snatched and be killed, walking alone late at night and some thugs beat me up. Heck if"
20,0,0,not comfortable around him anymore,"Is anybody else dealing with this? I have a boyfriend of 4.5 years who has been wonderfully supportive while I've been struggling with depression/anxiety. Unfortunately, as I'm sure many of you have also experienced, it tends to flare up in waves at a time and it can seriously affect me in ways that"
21,1,0,NONE,"I found out, I'm nowhere near as special as my delusions said I was. Nothing works, I don't think. I don't think anything works. I want to be happy. Can you help me?"
22,0,0,"Sad about ""him""","On the last day of 2017 I've decided that 2018 will either be my make or break year. 2017 has been a shit show. Not too different from previous years but this one just takes the cake. Literally the most disappointing,heartbreaking year ever. Too painful to even write out here, I just want to forget."
23,0,0,NONE,Perhaps Coronavirus is the answer! Although not sure that it will end my life as I am only 31years old! Odds against me:)
24,1,0,NONE,"I went out casually with someone who died from suicide weeks after he found out I was seeing other people before I even called things off with him. Back then i didnt think it would be wrong because I thought i made it really clear that while I liked him, we weren't exclusive. Sometimes the self blam"
25,0,0,When I’m on my own,"It would be nice to hear from other people what you‚Äôre experiences have been like. When I‚Äôm on my own or with people I‚Äôm comfortable around, I‚Äôm ‚Äúnormal.‚Äù My version of happy and normal anyway, whatever that looks like with depression wrapped in. Then, when I go out in social situations,"
26,1,1,alone,I just feel so alone. nobody needs me anymore. I feel like I should just end it all
27,0,0,NONE,"The pretty ones are usually unhappy. They expect everyone to be enamored of their beauty. How can a person be content when their happiness lies in someone else's hands, ready to be crushed at any moment? Ordinary-looking people are far superior, because they are forced to actually work hard to achie"
28,1,1,have nobody when you need them,When you are there for everyone when they need you but you have nobody when you need them. Ironically you cry yourself to sleep wishing someone would help you through the pain but it's never gonna be like that.
29,0,0,NONE,"One year ago today, i promised myself that i will change, but i didn't change shit. feeling all broken and hopeless inside. i'm still that person. I didn't change at all. I thought i could. I thought I tried. What will the next year be, another 365 days of trying to get by with the world. So fucking"
30,1,1,No one invites me to anything,"That have never had a fun New Years? No one invites me to anything and it just feels fucking horrible. I asks people if they're doing anything and I just get a ""Idk"" and then on new years I see that they're on a cool party or something that seems nice. Here I am with my pc and suicidal thoughts list"
31,0,1,alone,"To cut the long story short, I've been depressed for 4 years nearly 5. Over the past 4 weeks, I've become a lot worse, I have anxiety, developed insomnia and I cannot eat. 3 weeks ago I tried to top myself, for the second time in nearly 5 years. I ended up in a A&amp;E and now I'm an outpatient at t"
32,1,0,NONE,"I've had severe depression for pretty much my entire life, but that feeling has changed recently. There's now a constant weight in my chest as opposed to only sometimes. There's always a lump in my throat and I've been extremely dissociative. It feels like this round of depression will be my last."
33,0,0,NONE,"Probably doesn't help that I welcomed it with coke, booze and weed."
34,1,1,I lost a lot of friends,"I feel like everything is just moving too fast, I‚Äôm about to graduate from high school and become a freshman in college. I lost a lot of friends and I just don‚Äôt care anymore. Everything is moving on so fast and it‚Äôs hard for me to take it in all at once. Friends coming and going like seasons."
35,0,0,NONE,No one else besides me will see it. I have also never vented about my depression besides reddit so this will be new.
36,0,0,NONE,but happy new year redditors.
37,1,1,I don't like interaction with others.,"I have been dealing with depression for a while, however in the past couple of years it's really been bad. It's mostly due to physical issues and nlt being anywhere in life at my age. I used to think that I was just lazy, but I'm not however I've totally changed due to depression. Here's some exampl"
38,1,1,I'm not important to anybody,"I used to have goals. I wanted to be somebody that my parents would be proud of. I used to believe that I was destined for bigger things. Reality hit me. I‚Äôm not special, the world doesn‚Äôt revolve around me. I exist but my existence is not as meaningful as I thought. I realized so many things ab"
39,0,0,NONE,"My pipes have either frozen or the water shut off during the night. It's 19 degrees inside my house as well as outside. My car busted a line before Christmas. Nothing but bad luck and bad news this year and I'm sick of it. To top it all off, I have no money and no food in the house. I just need a fa"
40,1,1,everyone has turned their back on me,"I got nothing, family hates me, no friends, extremely introvert and extreme anxiety with depression i can't fucking take any of this shit anymore. I planned on ending it new years day but thought i'd at least see what happens but I can't. I physically and mentally just can't. I'm so tired of the suf"
41,0,0,NONE,"How can I open myself up more and not have therapy as this sort of gossip session? I want to say that I‚Äôm *feeling* suicidal again, but I just feel odd doing it. How can I make therapy worth more to my brain I suppose? What are good questions or things to say to really lead into that because my th"
42,1,1,I am only a weight for them,"Welcome everyone.Well, I will be 20 this year.I'm tired of living, I want to stop living.No studies will fulfill my sport ambition, my only ambition, to earn well with this you have to be at the top and I fear I will never achieve it.There are no studies and no jobs that would please me, that I woul"
43,0,0,NONE,I can't fucking do anything right. I'm a dumbass that keeps finding new ways to ruin everything for myself despite anything I do. I just keep messing everything up. I can't even do basic stuff that's easy for everyone. I'm pathetic.
44,0,0,NONE,It's so difficult when someone asks me what my hobbies/interests are. I can't just say 'staying home and sleeping all the time' or 'watching hours of YouTube' or something. I wish I could say I still have hobbies but I just don't. Sometimes I like to say 'I like going out to eat' but that's a lie be
45,0,0,NONE,The only thing is I get it otc and it's not really prescribed.
46,0,0,NONE,"It's nothing but suicidal thoughts anymore. I could use a rope, or pills, and I know where my mom's gun is. I just can't take this anymore. It's been 13 years, and I was hoping it'd be done or better by now, but it's just getting worse. Not an hour goes by I don't think of it. I'm missing work becau"
47,0,1,im all alone,"my grades are so bad. i am the only one who failed out of the grade in my class and now im all alone in a new class full of failures like me and i really dont know what to do. it feels like all my friends from my previous class are just subtly looking down on me, and i hate it. Fuck the education sy"
48,0,0,NONE,"Honestly, I don‚Äôt value my life that much, and I‚Äôd rather never wake up from my sleep. I came in terms with myself, and thought maybe I could give that second chance to someone who deserves it more than me. Is that stupid? Or senseless?"
49,1,1,there‚Äôs no one to turn to,"i just want to leave this world. i‚Äôm tired of being told that i‚Äôm no help, tired of feeling guilt and shame. i don‚Äôt want my mother and brother to feel the overwhelming feelings of sadness though. i don‚Äôt know what to do anymore. there‚Äôs no one to turn to, nothing left to do in this misera"
50,0,0,bringing the mood down,you say you want me to be real with you and that I can talk to you about anything but at the same time you keep saying quit being so negative and bringing the mood down
51,1,1,I have no friends,"Please. Stop me. Give me a good reason I shouldn't just end it. I'm homeless, living in a shelter right now. I have no friends. People I talk to, I talk to because they talk to me. I'm so tired of this. But I'm also terrified. Someone, anyone, help."
52,0,1,Nobody would miss me,Nobody would miss me anyways
53,1,1,abandoned me,"To keep things short I hate my life and wished I could kill myself but i cant. I'm 21, both parents dead, no family support, just friends, my brother abandoned me and left me out in the cold and kicked me out and cut me off because I was out drinking as a teenager. I just got a dui and possession of"
54,1,1,alone inside my house,"It is midnight and I cannot sleep again. I cannot remember the last time I slept through the night. I sleep in tiny spurts throughout the day but can never stay down for long. I often have nightmares even when I do stay sleeping for some time. The other night, for example, I woke up screaming. I had"
55,1,1,hanging out without me,"Social media is great fun. Just found out that a lot of my friends are hanging out without me tonight, so that's been real fun. Not a day goes by where I don't think about doing it, but I always think 'Maybe your friends can help. Maybe you can get better.' I've just been lying to myself. I've been "
56,0,0,NONE,"I spend every waking moment pondering my life purpose. I know I don‚Äôt have one. I get up, go to work to afford to pay every bill. I get up, go to class so I can have a career, to pay every bill and buy mundane things which add value to my life. But what is the point? At the end of the day, none of"
57,1,1,I can‚Äôt talk to my parents,I had posted a little while ago but honestly I feel like this applies to me now. I don‚Äôt trust myself and I‚Äôm scared and I can‚Äôt talk to my parents but I don‚Äôt wanna call the hotline because I don‚Äôt wanna go back to the hospital. I‚Äôm sorry. I‚Äôm scared
58,1,1,need someone,I don‚Äôt want to go through with any actions but I really badly just wanna... go away. I don‚Äôt wanna be here anymore. I‚Äôm so tired but there‚Äôs things in the future I‚Äôm holding on for.... but I just need someone.
59,1,0,alone,"Like right now. Just sitting here back in my home town during the holidays. Still fighting wicked depression and anxiety, and having to fly back across country in two weeks. Just sitting here alone at the kitchen table listening to some Linkin Park style music, sipping on a Stella and I realized how"
60,0,0,NONE,I have 265 days left until my first attempt but somehow I already now I will waste every single day by doing nothing. I'm ok with that I guess I was destined to be bored and lazy. Who knows maybe I won't have the courage to do it but idc anymore. I just wanna end it. I'll see how it continues
61,1,1,back alone,I'm not sure where at started but the first time where I actually felt like shit was when I was going through my first school exam. Since it was my exams I just thought it was because of a fear of failing but even after receiving ok results I felt like utter shit in fact I felt like shit for at leas
62,0,0,she'll be closer to the door,"I guess I'll start off by saying that I've been dealing with depression about eight years. It has peaked in the past, but I'd say I've been mostly positive since then. About one or two days out of every month it hits me with reminders that it's still there. Today is one of those days. I woke up next"
63,1,1,social isolation,"But I can't pretend anymore to be happy. I can't keep bottling this. I just want it to be okay and allowed to feel what I feel. But people don't want to be around the sad girl, it's draining or depressing. Everyone just leaves an open invitation but nobody actually says they want me there. It's like"
64,0,0,left by myself,I went to a club with pretty good DJs last night. I went there last year as well and enjoyed it. Last night though at first I was fine and everything was cool but it got to just after midnight and I got this overwhelming feeling that I should leave. I have been feeling low for the past couple days a
65,1,0,NONE,"21, M, in college. Homeless in college. I feel so sad, so mad, it's all really bad. I feel as if there's nothing to really do. I feel stressed all the time. The only thing that keeps me going is music. I sing and play guitar and write songs everyday and post a new album about every month. Currently "
66,1,1,she hates me,"I can't forget her. I love her. I want her so much But she hates me. Blocked for a year. I'm 25 and never had a relationship I feel humiliated that I never got a proper chance If I can't be with her, I will kill myself"
67,1,1,lonely,"I am almost 18 and I don't go out, ever, except when I have to go to school. Currently it's the winter break and all times I went out was when I had to take the trash. I have no real friends, only one that I met on a game 4 years ago. Ever since I was a child everyone told me that I'm so shy, I've b"
68,1,0,NONE,"I've never been for myself, but I have been often to visit my mom as a teen, and now I'm watching this show on Netflix called ""Don't Call Me Crazy"" about teenagers in a psych ward. I guess it's just the idea of no responsibilities/obligations that's appealing right? And no stressful changes of envir"
69,0,0,NONE,"Never diagnosed but suspect depression. Making new year's resolutions and top of the list was the same one as last year: do something about my mental health... But then it struck me I'm not really that bad. Basically, felt shitty off and on and have some good days (more bad than good) for the last y"
70,1,1,I don't talk to my family,"This past year has been amazing in terms of working on my mental illness. The past month or so (Holidays are the worst for me since I don't talk to my family.) I've been really going up and down. I have bipolar disorder, PTSD and anxiety in addition to my depression. The other voice in my head is ba"
71,1,1,nothing to do or talk to take my mind off things,"I'm hurting myself again. This always happens when I come home for holidays/time off and spend it with family but have nothing to do or talk to take my mind off things. I relapse. When Im living on my own, I find lots of ways to distract myself and my mind from wandering. I still get lost, especiall"
72,1,1,"My ""top 3"" friends leave today, tomorrow, and Friday","I'm really into computers and gaming and shit, I have a 4k pc setup that's probably ~$3,000. 250 games, probably about 1,000 movies, 70,000 songs, nice speaker setup, studio headphones, you get the idea. I've loved this shit my entire life and in the last week I've realized that I don't even play ga"
73,1,0,alone,"I have extremely bad depression, anxiety and obsessive compulsive disorder. I stopped taking this medication 5 months ago and didn‚Äôt tell my doctor or family. I wanted to try do it alone. My OCD has started destroying my life again. I‚Äôm not sleeping at all because I am checking my children and h"
74,0,1,I need someone to relate to,"I care strongly about the truth. I don't care how depressing and unwanted it is. People get very emotional when I talk about subjects and I can't seem to explain to them that the concepts have nothing related to them, it's all about the idea. I need someone to relate to"
75,0,0,NONE,"I didn't sleep long enough last night, just a measly 7 hours and I woke up, exhausted but as I sat trying to get my day started I just got this urge to clean. My room has been an utter disaster area for a long time. No clean clothes, all of them on the floor. I just clean my work clothes, towels and"
76,0,0,NONE,"Even though it's over, I still feel like I always have to be on defensive mode. I'm in my senior year of college now, and am still trying to shake these memories. It's the root of everything."
77,1,0,relationships with my friend,"I‚Äôve changed so much since I‚Äôve gotten depression, I stop caring about school my relationships with my friend, I stopped caring what peaple think about me (witch can cause me to an asshole) before depression I thought I wouldn‚Äôt even touch alcohol and now I‚Äôm starving to do shrooms (don‚Äôt "
78,0,0,NONE,I was actually doing pretty great felt a bit like me. But I‚Äôm starting to realize that I can‚Äôt get better it‚Äôs to much I‚Äôve tried countless times and loose hope ever time it doesn‚Äôt work. I really truthfully don‚Äôt think I am able to or will try to get better anymore I think this is it I 
79,0,0,NONE,"I'm 13, and I'm asking about what my future will be like with my depression after I move out. Can any older people tell me about living on my own with depression?"
80,0,1,people who I don‚Äôt even think care about me,"...because I‚Äôm killing myself in the next few hours. I wanted to be able to push through all the pain that I‚Äôve been in for so long and I wanted to believe that it could get better for me, but the waiting isn‚Äôt worth it. It‚Äôs not getting better and I‚Äôm too weak to keep dealing with this da"
81,1,1,loneliness,"My heart is screaming, my soul (and my right arm due to self harm) is bleeding and burning, I am feeling lower and lower each day that passes, I feel more and more like I will explode, several personnal reasons caused me to feel this way (sexual bias, poverty, loneliness, studies, ill relatives, I a"
82,1,1,I have no one to talk too,Nothing hurts more than losing a bestfriend/only friend. Now I'm just lonely and I have no one to talk too. I've been depressed for 5 years and she kept me stable through those years. She was the most realist and honest person that has been in my life. She was the only person to tell me happy birthd
83,1,1,alone,"My father passed away last year. I feel incredibly alone now, he was my go-to person whenever I had a problem. I left my job to take some time off after he passed. I've left two more jobs since then, I just can't handle any of it any more. My gf, who I've been staying with, wants me to leave so she "
84,0,0,NONE,"I just watched her walk to her car and leave, while I stood there an anxious mess, trying to force myself to go over to her and talk to her, say I thought she was really cute, and ask her out for coffee. Instead I just didn‚Äôt say anything, like the fucking idiot that I am. This was the last day of"
85,1,1,don't have anyone left to get things out to,"I'm sorry if this seems to be a ramble, but I need to get this out. I've been reading this sub for a while, but made a new account to comment. Sometimes I find it helpful to get everything out, and I don't have anyone left to get things out to who won't try and pity me. Depression runs in my family,"
86,1,1,due to loneliness,"I have a medical condition that causes me to faint whenever I experience shock or stress,After much anticipation of going back of school due to loneliness,NO ONE even mentioned it,even though before the holidays I fainted in front of everyone,No one even asked me If I was ok,Not only that,NO ONE has"
87,0,0,NONE,"Since about halfway through the current school year I've been extremely apathetic towards most activities, and have found the only source of entertainment in music and going to the gym. I've lost most of my appetite and have no desire to do most things at this point. Many video games I used to play "
88,1,1,They've all moved on,"I'm aware of why I'm doing it. I hate my life right now, and I am scared of the future. The past is a warm safe blanket full of photos, videos, and messages to remind me of what used to be, and the people who used to be in it. I hate getting older. I want to reach out to some of these old friends fr"
